{"cameraMode":{"drawMode":0,"name":"Shaded","section":"Shading Mode"},"sceneLighting":false,"audioPlay":false,"sceneViewState":{"m_AlwaysRefresh":false,"showFog":true,"showSkybox":true,"showFlares":true,"showImageEffects":true,"showParticleSystems":true,"showVisualEffectGraphs":true,"m_FxEnabled":true},"in2DMode":false,"pivot":{"x":4.1288676261901859,"y":1.5730581283569337,"z":-0.05209815502166748},"rotation":{"x":-0.14553214609622956,"y":0.48823150992393496,"z":-0.08295821398496628,"w":-0.8564884066581726},"size":2.354119300842285,"orthographic":false}