{"cameraMode":{"drawMode":0,"name":"Shaded","section":"Shading Mode"},"sceneLighting":false,"audioPlay":false,"sceneViewState":{"m_AlwaysRefresh":false,"showFog":true,"showSkybox":true,"showFlares":true,"showImageEffects":true,"showParticleSystems":true,"showVisualEffectGraphs":true,"m_FxEnabled":true},"in2DMode":false,"pivot":{"x":2.2094249725341799,"y":0.7141090631484985,"z":0.8735561370849609},"rotation":{"x":-0.11699521541595459,"y":-0.027707397937774659,"z":0.003265349892899394,"w":-0.9927403330802918},"size":3.2881999015808107,"orthographic":false}